{
    "AWSTemplateFormatVersion": "2010-09-09",
	"Parameters": {      
        "SG": {
            "Description": "SecurityGroup_Priscilla",
            "Type": "AWS::EC2::SecurityGroup::Id",
            "Default": "sg-031da419"
        },      
        "Subnet1": {
            "Description": "VPC Subnet-1 Id",
            "Type": "AWS::EC2::Subnet::Id",
            "Default": "subnet-825106e4"
        }		
    },
	
    "Resources": {		
       		
        "EC2M3PROJECT2": {
            "Type": "AWS::EC2::Instance",
            "Properties": {
            	"InstanceType" : "t2.micro",
            	"ImageId" : "ami-048f6ed62451373d9",
                "KeyName" : "priscikey",
                "IamInstanceProfile" : {"Ref" : "InstanceProfile"},
				"NetworkInterfaces": [
                    {
                        "SubnetId": {
                            "Ref": "Subnet1"
                        },
                        "GroupSet": [{ "Ref" : "SG" }],
                        "DeviceIndex": "0",
                        "DeleteOnTermination": "true"
                    }
                ],
                "Tags" : [ {"Key" : "Name", "Value" : "EC2Instance_EC2M3PROJECT2"} ],
				"UserData" : { "Fn::Base64" : { "Fn::Join" : ["",[
					"#!/bin/bash -ex", "\n",					
					"sudo yum update -y", "\n",
					"wget https://aws-codedeploy-us-east-1.s3.us-east-1.amazonaws.com/latest/install","\n",
					"sudo yum install ruby -y","\n",
					"chmod +x ./install ; sudo ./install auto", "\n",
					"yum install python3-pip", "\n",						
					"sudo service codedeploy-agent status", "\n",
					"pip3 install boto3", "\n"]]}
				}
            }
        },
		"InstanceProfile" : {
			"Type" : "AWS::IAM::InstanceProfile",
			"Properties" : {
			  "Path" : "/",
			  "Roles" : ["Full_Access"]
			}
		},	
	

		"TestDynamoDBM3P02" : {
  			"Type" : "AWS::DynamoDB::Table",
  			"Properties" : {
      			"AttributeDefinitions" : [
      			 	{
  						"AttributeName" : "deviceid",
  						"AttributeType" : "S"
					}, 
					{
  						"AttributeName" : "timestamp",
  						"AttributeType" : "S"
					}				
      			 ],
      			"KeySchema" : [
      				{
                        "AttributeName": "deviceid",
                        "KeyType": "HASH"
                    },
                    {
                        "AttributeName": "timestamp",
                        "KeyType": "RANGE"
                    }
				
                ],
      			"TableName" : "m03p02_anomaly_data",
      			"Tags" : [ {"Key" : "Name", "Value" : "TestDynamoDB"} ],
      			"ProvisionedThroughput": {
                    "ReadCapacityUnits": 5,
                    "WriteCapacityUnits": 5
                }
    		}
		},
		
		"KinesisStreamM3P02" : {
			"Type" : "AWS::Kinesis::Stream",
			"Properties" : {
				"Name" : "m03p02_raw_data_stream",			
				"ShardCount" : 1,			
				"Tags" : [{"Key" : "Name", "Value" : "Kinesis_M3P2"}  ]
			}
		},		
		"SNSM3P02" : {
		  "Type" : "AWS::SNS::Topic",
		  "Properties" : {
			"Subscription" : [{
			  "Endpoint" : "priscillaeben@gmail.com",
			  "Protocol" : "email"
			}],
			"TopicName" : "m03p02_anomaly_alerts"
		  }
		}
	}
		
		
   		
   	
        

}
